{
  "setId": "sample-set-2",
  "setName": "Sample Set 2",
  "totalQuestions": 20,
  "questions": [
    {
      "id": "q1",
      "number": 1,
      "text": "What is H2O commonly known as?",
      "options": {
        "A": "Oxygen",
        "B": "Water",
        "C": "Hydrogen",
        "D": "Carbon Dioxide"
      },
      "correctAnswer": "B",
      "difficulty": "easy",
      "category": "Chemistry"
    },
    {
      "id": "q2",
      "number": 2,
      "text": "How many planets are in our solar system?",
      "options": {
        "A": "7",
        "B": "8",
        "C": "9",
        "D": "10"
      },
      "correctAnswer": "B",
      "difficulty": "easy",
      "category": "Astronomy"
    },
    {
      "id": "q3",
      "number": 3,
      "text": "What does CPU stand for?",
      "options": {
        "A": "Central Processing Unit",
        "B": "Computer Personal Unit",
        "C": "Central Program Utility",
        "D": "Central Processor Utility"
      },
      "correctAnswer": "A",
      "difficulty": "easy",
      "category": "Technology"
    },
    {
      "id": "q4",
      "number": 4,
      "text": "What is the powerhouse of the cell?",
      "options": {
        "A": "Nucleus",
        "B": "Ribosome",
        "C": "Mitochondria",
        "D": "Endoplasmic Reticulum"
      },
      "correctAnswer": "C",
      "difficulty": "medium",
      "category": "Biology"
    },
    {
      "id": "q5",
      "number": 5,
      "text": "What is the freezing point of water in Celsius?",
      "options": {
        "A": "-10°C",
        "B": "0°C",
        "C": "10°C",
        "D": "32°C"
      },
      "correctAnswer": "B",
      "difficulty": "easy",
      "category": "Physics"
    },
    {
      "id": "q6",
      "number": 6,
      "text": "What programming language is known for its use in web development alongside HTML and CSS?",
      "options": {
        "A": "Python",
        "B": "Java",
        "C": "JavaScript",
        "D": "C++"
      },
      "correctAnswer": "C",
      "difficulty": "easy",
      "category": "Technology"
    },
    {
      "id": "q7",
      "number": 7,
      "text": "What is the largest organ in the human body?",
      "options": {
        "A": "Heart",
        "B": "Liver",
        "C": "Brain",
        "D": "Skin"
      },
      "correctAnswer": "D",
      "difficulty": "medium",
      "category": "Biology"
    },
    {
      "id": "q8",
      "number": 8,
      "text": "What does DNA stand for?",
      "options": {
        "A": "Deoxyribonucleic Acid",
        "B": "Dynamic Nuclear Acid",
        "C": "Double Nucleic Acid",
        "D": "Dual Nuclear Algorithm"
      },
      "correctAnswer": "A",
      "difficulty": "medium",
      "category": "Biology"
    },
    {
      "id": "q9",
      "number": 9,
      "text": "What is the chemical symbol for iron?",
      "options": {
        "A": "Ir",
        "B": "Fe",
        "C": "In",
        "D": "Fr"
      },
      "correctAnswer": "B",
      "difficulty": "medium",
      "category": "Chemistry"
    },
    {
      "id": "q10",
      "number": 10,
      "text": "Who is known as the father of computers?",
      "options": {
        "A": "Steve Jobs",
        "B": "Bill Gates",
        "C": "Charles Babbage",
        "D": "Alan Turing"
      },
      "correctAnswer": "C",
      "difficulty": "medium",
      "category": "Technology"
    },
    {
      "id": "q11",
      "number": 11,
      "text": "What planet is known as the Red Planet?",
      "options": {
        "A": "Venus",
        "B": "Mars",
        "C": "Jupiter",
        "D": "Saturn"
      },
      "correctAnswer": "B",
      "difficulty": "easy",
      "category": "Astronomy"
    },
    {
      "id": "q12",
      "number": 12,
      "text": "What is the boiling point of water at sea level?",
      "options": {
        "A": "90°C",
        "B": "95°C",
        "C": "100°C",
        "D": "105°C"
      },
      "correctAnswer": "C",
      "difficulty": "easy",
      "category": "Physics"
    },
    {
      "id": "q13",
      "number": 13,
      "text": "What does HTTP stand for?",
      "options": {
        "A": "HyperText Transfer Protocol",
        "B": "High Transfer Text Protocol",
        "C": "HyperText Transmission Process",
        "D": "High Text Transfer Process"
      },
      "correctAnswer": "A",
      "difficulty": "medium",
      "category": "Technology"
    },
    {
      "id": "q14",
      "number": 14,
      "text": "How many bones are in the adult human body?",
      "options": {
        "A": "186",
        "B": "206",
        "C": "226",
        "D": "246"
      },
      "correctAnswer": "B",
      "difficulty": "medium",
      "category": "Biology"
    },
    {
      "id": "q15",
      "number": 15,
      "text": "What is the smallest unit of life?",
      "options": {
        "A": "Atom",
        "B": "Molecule",
        "C": "Cell",
        "D": "Organ"
      },
      "correctAnswer": "C",
      "difficulty": "easy",
      "category": "Biology"
    },
    {
      "id": "q16",
      "number": 16,
      "text": "What gas do plants absorb from the atmosphere?",
      "options": {
        "A": "Oxygen",
        "B": "Nitrogen",
        "C": "Carbon Dioxide",
        "D": "Hydrogen"
      },
      "correctAnswer": "C",
      "difficulty": "easy",
      "category": "Biology"
    },
    {
      "id": "q17",
      "number": 17,
      "text": "What is the speed of sound in air at room temperature?",
      "options": {
        "A": "243 m/s",
        "B": "343 m/s",
        "C": "443 m/s",
        "D": "543 m/s"
      },
      "correctAnswer": "B",
      "difficulty": "hard",
      "category": "Physics"
    },
    {
      "id": "q18",
      "number": 18,
      "text": "What is the periodic table symbol for sodium?",
      "options": {
        "A": "S",
        "B": "So",
        "C": "Na",
        "D": "Sd"
      },
      "correctAnswer": "C",
      "difficulty": "medium",
      "category": "Chemistry"
    },
    {
      "id": "q19",
      "number": 19,
      "text": "Who developed the theory of relativity?",
      "options": {
        "A": "Isaac Newton",
        "B": "Albert Einstein",
        "C": "Stephen Hawking",
        "D": "Niels Bohr"
      },
      "correctAnswer": "B",
      "difficulty": "easy",
      "category": "Physics"
    },
    {
      "id": "q20",
      "number": 20,
      "text": "What does AI stand for in computer science?",
      "options": {
        "A": "Automated Intelligence",
        "B": "Artificial Intelligence",
        "C": "Advanced Integration",
        "D": "Algorithmic Interface"
      },
      "correctAnswer": "B",
      "difficulty": "easy",
      "category": "Technology"
    }
  ]
}
