{
	"setId": "sample-set-9",
	"setName": "Sample Set 9",
	"questions": [
		{
			"id": "q1",
			"number": 1,
			"text": "Sample question 1 for set 9?",
			"options": {
				"A": "Option A1",
				"B": "Option B1",
				"C": "Option C1",
				"D": "Option D1"
			},
			"correctAnswer": "B",
			"difficulty": "medium",
			"category": "Science"
		},
		{
			"id": "q2",
			"number": 2,
			"text": "Sample question 2 for set 9?",
			"options": {
				"A": "Option A2",
				"B": "Option B2",
				"C": "Option C2",
				"D": "Option D2"
			},
			"correctAnswer": "C",
			"difficulty": "hard",
			"category": "History"
		},
		{
			"id": "q3",
			"number": 3,
			"text": "Sample question 3 for set 9?",
			"options": {
				"A": "Option A3",
				"B": "Option B3",
				"C": "Option C3",
				"D": "Option D3"
			},
			"correctAnswer": "D",
			"difficulty": "easy",
			"category": "Technology"
		},
		{
			"id": "q4",
			"number": 4,
			"text": "Sample question 4 for set 9?",
			"options": {
				"A": "Option A4",
				"B": "Option B4",
				"C": "Option C4",
				"D": "Option D4"
			},
			"correctAnswer": "A",
			"difficulty": "medium",
			"category": "General Knowledge"
		},
		{
			"id": "q5",
			"number": 5,
			"text": "Sample question 5 for set 9?",
			"options": {
				"A": "Option A5",
				"B": "Option B5",
				"C": "Option C5",
				"D": "Option D5"
			},
			"correctAnswer": "B",
			"difficulty": "hard",
			"category": "Science"
		},
		{
			"id": "q6",
			"number": 6,
			"text": "Sample question 6 for set 9?",
			"options": {
				"A": "Option A6",
				"B": "Option B6",
				"C": "Option C6",
				"D": "Option D6"
			},
			"correctAnswer": "C",
			"difficulty": "easy",
			"category": "History"
		},
		{
			"id": "q7",
			"number": 7,
			"text": "Sample question 7 for set 9?",
			"options": {
				"A": "Option A7",
				"B": "Option B7",
				"C": "Option C7",
				"D": "Option D7"
			},
			"correctAnswer": "D",
			"difficulty": "medium",
			"category": "Technology"
		},
		{
			"id": "q8",
			"number": 8,
			"text": "Sample question 8 for set 9?",
			"options": {
				"A": "Option A8",
				"B": "Option B8",
				"C": "Option C8",
				"D": "Option D8"
			},
			"correctAnswer": "A",
			"difficulty": "hard",
			"category": "General Knowledge"
		},
		{
			"id": "q9",
			"number": 9,
			"text": "Sample question 9 for set 9?",
			"options": {
				"A": "Option A9",
				"B": "Option B9",
				"C": "Option C9",
				"D": "Option D9"
			},
			"correctAnswer": "B",
			"difficulty": "easy",
			"category": "Science"
		},
		{
			"id": "q10",
			"number": 10,
			"text": "Sample question 10 for set 9?",
			"options": {
				"A": "Option A10",
				"B": "Option B10",
				"C": "Option C10",
				"D": "Option D10"
			},
			"correctAnswer": "C",
			"difficulty": "medium",
			"category": "History"
		},
		{
			"id": "q11",
			"number": 11,
			"text": "Sample question 11 for set 9?",
			"options": {
				"A": "Option A11",
				"B": "Option B11",
				"C": "Option C11",
				"D": "Option D11"
			},
			"correctAnswer": "D",
			"difficulty": "hard",
			"category": "Technology"
		},
		{
			"id": "q12",
			"number": 12,
			"text": "Sample question 12 for set 9?",
			"options": {
				"A": "Option A12",
				"B": "Option B12",
				"C": "Option C12",
				"D": "Option D12"
			},
			"correctAnswer": "A",
			"difficulty": "easy",
			"category": "General Knowledge"
		},
		{
			"id": "q13",
			"number": 13,
			"text": "Sample question 13 for set 9?",
			"options": {
				"A": "Option A13",
				"B": "Option B13",
				"C": "Option C13",
				"D": "Option D13"
			},
			"correctAnswer": "B",
			"difficulty": "medium",
			"category": "Science"
		},
		{
			"id": "q14",
			"number": 14,
			"text": "Sample question 14 for set 9?",
			"options": {
				"A": "Option A14",
				"B": "Option B14",
				"C": "Option C14",
				"D": "Option D14"
			},
			"correctAnswer": "C",
			"difficulty": "hard",
			"category": "History"
		},
		{
			"id": "q15",
			"number": 15,
			"text": "Sample question 15 for set 9?",
			"options": {
				"A": "Option A15",
				"B": "Option B15",
				"C": "Option C15",
				"D": "Option D15"
			},
			"correctAnswer": "D",
			"difficulty": "easy",
			"category": "Technology"
		},
		{
			"id": "q16",
			"number": 16,
			"text": "Sample question 16 for set 9?",
			"options": {
				"A": "Option A16",
				"B": "Option B16",
				"C": "Option C16",
				"D": "Option D16"
			},
			"correctAnswer": "A",
			"difficulty": "medium",
			"category": "General Knowledge"
		},
		{
			"id": "q17",
			"number": 17,
			"text": "Sample question 17 for set 9?",
			"options": {
				"A": "Option A17",
				"B": "Option B17",
				"C": "Option C17",
				"D": "Option D17"
			},
			"correctAnswer": "B",
			"difficulty": "hard",
			"category": "Science"
		},
		{
			"id": "q18",
			"number": 18,
			"text": "Sample question 18 for set 9?",
			"options": {
				"A": "Option A18",
				"B": "Option B18",
				"C": "Option C18",
				"D": "Option D18"
			},
			"correctAnswer": "C",
			"difficulty": "easy",
			"category": "History"
		},
		{
			"id": "q19",
			"number": 19,
			"text": "Sample question 19 for set 9?",
			"options": {
				"A": "Option A19",
				"B": "Option B19",
				"C": "Option C19",
				"D": "Option D19"
			},
			"correctAnswer": "D",
			"difficulty": "medium",
			"category": "Technology"
		},
		{
			"id": "q20",
			"number": 20,
			"text": "Sample question 20 for set 9?",
			"options": {
				"A": "Option A20",
				"B": "Option B20",
				"C": "Option C20",
				"D": "Option D20"
			},
			"correctAnswer": "A",
			"difficulty": "hard",
			"category": "General Knowledge"
		}
	]
}
