{
  "setId": "sample-set-1",
  "setName": "Sample Set 1",
  "questions": [
    {
      "id": "q1",
      "number": 1,
      "text": "What is the capital of Italy?",
      "options": { "A": "Rome", "B": "Paris", "C": "Madrid", "D": "Lisbon" },
      "correctAnswer": "A",
      "difficulty": "easy",
      "category": "Geography"
    },
    {
      "id": "q2",
      "number": 2,
      "text": "Which planet is known as the Red Planet?",
      "options": { "A": "Venus", "B": "Mars", "C": "Jupiter", "D": "Mercury" },
      "correctAnswer": "B",
      "difficulty": "easy",
      "category": "Science"
    },
    {
      "id": "q3",
      "number": 3,
      "text": "How many days are there in a leap year?",
      "options": { "A": "365", "B": "366", "C": "364", "D": "367" },
      "correctAnswer": "B",
      "difficulty": "easy",
      "category": "General Knowledge"
    },
    {
      "id": "q4",
      "number": 4,
      "text": "What is H2O commonly known as?",
      "options": { "A": "Salt", "B": "Hydrogen", "C": "Water", "D": "Oxygen" },
      "correctAnswer": "C",
      "difficulty": "easy",
      "category": "Science"
    },
    {
      "id": "q5",
      "number": 5,
      "text": "Which animal is known as the King of the Jungle?",
      "options": { "A": "Tiger", "B": "Elephant", "C": "Lion", "D": "Leopard" },
      "correctAnswer": "C",
      "difficulty": "easy",
      "category": "General Knowledge"
    },

    {
      "id": "q6",
      "number": 6,
      "text": "Who developed the theory of relativity?",
      "options": {
        "A": "Newton",
        "B": "Einstein",
        "C": "Galileo",
        "D": "Tesla"
      },
      "correctAnswer": "B",
      "difficulty": "medium",
      "category": "Science"
    },
    {
      "id": "q7",
      "number": 7,
      "text": "What is the largest mammal?",
      "options": {
        "A": "Elephant",
        "B": "Blue Whale",
        "C": "Shark",
        "D": "Giraffe"
      },
      "correctAnswer": "B",
      "difficulty": "medium",
      "category": "Science"
    },
    {
      "id": "q8",
      "number": 8,
      "text": "Which country hosted the 2016 Olympics?",
      "options": { "A": "China", "B": "UK", "C": "Brazil", "D": "Japan" },
      "correctAnswer": "C",
      "difficulty": "medium",
      "category": "Sports"
    },
    {
      "id": "q9",
      "number": 9,
      "text": "What is the boiling point of water at sea level?",
      "options": { "A": "90°C", "B": "100°C", "C": "80°C", "D": "120°C" },
      "correctAnswer": "B",
      "difficulty": "medium",
      "category": "Science"
    },
    {
      "id": "q10",
      "number": 10,
      "text": "Who painted Starry Night?",
      "options": {
        "A": "Van Gogh",
        "B": "Picasso",
        "C": "Da Vinci",
        "D": "Monet"
      },
      "correctAnswer": "A",
      "difficulty": "medium",
      "category": "Art"
    },
    {
      "id": "q11",
      "number": 11,
      "text": "What is the square of 15?",
      "options": { "A": "225", "B": "215", "C": "205", "D": "235" },
      "correctAnswer": "A",
      "difficulty": "medium",
      "category": "Mathematics"
    },
    {
      "id": "q12",
      "number": 12,
      "text": "Which gas do plants absorb?",
      "options": {
        "A": "Oxygen",
        "B": "Carbon Dioxide",
        "C": "Nitrogen",
        "D": "Helium"
      },
      "correctAnswer": "B",
      "difficulty": "medium",
      "category": "Science"
    },
    {
      "id": "q13",
      "number": 13,
      "text": "In which continent is Argentina?",
      "options": {
        "A": "Europe",
        "B": "Asia",
        "C": "South America",
        "D": "Africa"
      },
      "correctAnswer": "C",
      "difficulty": "medium",
      "category": "Geography"
    },
    {
      "id": "q14",
      "number": 14,
      "text": "Who wrote '1984'?",
      "options": {
        "A": "Orwell",
        "B": "Huxley",
        "C": "Rowling",
        "D": "Tolkien"
      },
      "correctAnswer": "A",
      "difficulty": "medium",
      "category": "Literature"
    },
    {
      "id": "q15",
      "number": 15,
      "text": "What is the currency of Japan?",
      "options": { "A": "Won", "B": "Yuan", "C": "Yen", "D": "Ringgit" },
      "correctAnswer": "C",
      "difficulty": "medium",
      "category": "Geography"
    },

    {
      "id": "q16",
      "number": 16,
      "text": "What is the atomic number of carbon?",
      "options": { "A": "12", "B": "14", "C": "6", "D": "8" },
      "correctAnswer": "C",
      "difficulty": "hard",
      "category": "Science"
    },
    {
      "id": "q17",
      "number": 17,
      "text": "Which treaty ended World War I?",
      "options": {
        "A": "Versailles",
        "B": "Paris",
        "C": "Rome",
        "D": "Vienna"
      },
      "correctAnswer": "A",
      "difficulty": "hard",
      "category": "History"
    },
    {
      "id": "q18",
      "number": 18,
      "text": "What is the derivative of x^2?",
      "options": { "A": "x", "B": "2x", "C": "x^2", "D": "2" },
      "correctAnswer": "B",
      "difficulty": "hard",
      "category": "Mathematics"
    },
    {
      "id": "q19",
      "number": 19,
      "text": "Which element has the chemical symbol 'Fe'?",
      "options": { "A": "Fluorine", "B": "Iron", "C": "Zinc", "D": "Lead" },
      "correctAnswer": "B",
      "difficulty": "hard",
      "category": "Science"
    },
    {
      "id": "q20",
      "number": 20,
      "text": "What is the capital of Mongolia?",
      "options": {
        "A": "Astana",
        "B": "Tashkent",
        "C": "Ulaanbaatar",
        "D": "Bishkek"
      },
      "correctAnswer": "C",
      "difficulty": "hard",
      "category": "Geography"
    }
  ]
}
